{
  "HTTP Request-1" : {
    "transaction" : "HTTP Request-1",
    "sampleCount" : 4490,
    "errorCount" : 363,
    "errorPct" : 8.084633,
    "meanResTime" : 24132.457683741588,
    "medianResTime" : 12331.0,
    "minResTime" : 529.0,
    "maxResTime" : 78099.0,
    "pct1ResTime" : 71536.0,
    "pct2ResTime" : 77562.25,
    "pct3ResTime" : 77808.18,
    "throughput" : 50.20854999049504,
    "receivedKBytesPerSec" : 134.55225482446576,
    "sentKBytesPerSec" : 5.813739401271428
  },
  "Total" : {
    "transaction" : "Total",
    "sampleCount" : 13980,
    "errorCount" : 1236,
    "errorPct" : 8.841202,
    "meanResTime" : 30968.20329041493,
    "medianResTime" : 20332.0,
    "minResTime" : 157.0,
    "maxResTime" : 86277.0,
    "pct1ResTime" : 73014.9,
    "pct2ResTime" : 77734.95,
    "pct3ResTime" : 81573.95,
    "throughput" : 155.6030452784827,
    "receivedKBytesPerSec" : 339.0182305579672,
    "sentKBytesPerSec" : 24.16499797565781
  },
  "HTTP Request-0" : {
    "transaction" : "HTTP Request-0",
    "sampleCount" : 4490,
    "errorCount" : 0,
    "errorPct" : 0.0,
    "meanResTime" : 19456.336748329635,
    "medianResTime" : 515.5,
    "minResTime" : 157.0,
    "maxResTime" : 71451.0,
    "pct1ResTime" : 63570.8,
    "pct2ResTime" : 70762.45,
    "pct3ResTime" : 71133.45,
    "throughput" : 53.8705187886932,
    "receivedKBytesPerSec" : 31.038677817704084,
    "sentKBytesPerSec" : 6.786422777091232
  },
  "HTTP Request" : {
    "transaction" : "HTTP Request",
    "sampleCount" : 5000,
    "errorCount" : 873,
    "errorPct" : 17.46,
    "meanResTime" : 47444.35900000001,
    "medianResTime" : 59051.5,
    "minResTime" : 2194.0,
    "maxResTime" : 86277.0,
    "pct1ResTime" : 77754.9,
    "pct2ResTime" : 80975.75,
    "pct3ResTime" : 83304.9,
    "throughput" : 55.65201905525132,
    "receivedKBytesPerSec" : 176.29599856765617,
    "sentKBytesPerSec" : 12.082498987828904
  }
}